﻿{
  "ProviderId": "Microsoft.VisualStudio.ConnectedService.Wcf",
  "Version": "15.0.31022.994",
  "ExtendedData": {
    "inputs": [
      "https://pec.shaparak.ir/NewIPGServices/Confirm/ConfirmService.asmx?wsdl"
    ],
    "collectionTypes": [
      "System.Collections.Generic.Dictionary`2",
      "System.Collections.Generic.List`1"
    ],
    "namespaceMappings": [
      "*, Adin.BankPayment.Parsian.Connected_Services.ParsianPaymentService"
    ],
    "references": [
      "System.Reflection.DispatchProxy, {System.Reflection.DispatchProxy, 4.5.0}",
      "System.Security.AccessControl, {System.Security.AccessControl, 4.5.0}",
      "System.Security.Cryptography.Xml, {System.Security.Cryptography.Xml, 4.5.0}",
      "System.Security.Permissions, {System.Security.Permissions, 4.5.0}",
      "System.Security.Principal.Windows, {System.Security.Principal.Windows, 4.5.0}",
      "System.ServiceModel, {System.ServiceModel.Primitives, 4.7.0}",
      "System.ServiceModel.Duplex, {System.ServiceModel.Duplex, 4.7.0}",
      "System.ServiceModel.Http, {System.ServiceModel.Http, 4.7.0}",
      "System.ServiceModel.NetTcp, {System.ServiceModel.NetTcp, 4.7.0}",
      "System.ServiceModel.Primitives, {System.ServiceModel.Primitives, 4.7.0}",
      "System.ServiceModel.Security, {System.ServiceModel.Security, 4.7.0}"
    ],
    "targetFramework": "netcoreapp3.1",
    "typeReuseMode": "All"
  }
}